{"cameraMode":{"drawMode":0,"name":"Shaded","section":"Shading Mode"},"sceneLighting":true,"audioPlay":false,"sceneViewState":{"showFog":true,"showMaterialUpdate":false,"showSkybox":true,"showFlares":true,"showImageEffects":true,"showParticleSystems":true,"showVisualEffectGraphs":true,"m_FxEnabled":true},"in2DMode":false,"pivot":{"x":1.600653052330017,"y":1.0111631155014039,"z":0.31618237495422366},"rotation":{"x":0.02766680344939232,"y":0.9712526798248291,"z":-0.14232319593429566,"w":0.18880632519721986},"size":2.4115090370178224,"orthographic":false}